id,version,data,bool,ip_address
1,9.27,ea0f2de75608546d45041d003ce412527a2f25c2,true,45.25.39.206
2,0.96,ea0f2de75608546d45041d003ce412527a2f25c2,false,203.120.207.210
3,0.3.1,ea0f2de75608546d45041d003ce412527a2f25c2,false,19.168.208.53
4,0.91,ea0f2de75608546d45041d003ce412527a2f25c2,false,156.165.44.14
5,1.4.7,ea0f2de75608546d45041d003ce412527a2f25c2,false,95.243.209.40
6,0.9.7,ea0f2de75608546d45041d003ce412527a2f25c2,false,110.122.236.209
7,8.8,ea0f2de75608546d45041d003ce412527a2f25c2,false,241.49.131.99
8,7.25,ea0f2de75608546d45041d003ce412527a2f25c2,false,244.75.112.187
9,9.33,ea0f2de75608546d45041d003ce412527a2f25c2,false,74.241.142.28
10,3.3.4,ea0f2de75608546d45041d003ce412527a2f25c2,true,190.3.3.39
11,1.8.4,ea0f2de75608546d45041d003ce412527a2f25c2,false,1.22.162.248
12,6.77,ea0f2de75608546d45041d003ce412527a2f25c2,false,155.51.111.148
13,0.7.3,ea0f2de75608546d45041d003ce412527a2f25c2,false,63.147.156.249
14,4.0,ea0f2de75608546d45041d003ce412527a2f25c2,true,159.119.207.133
15,3.2,ea0f2de75608546d45041d003ce412527a2f25c2,true,73.24.32.37
16,1.5.7,ea0f2de75608546d45041d003ce412527a2f25c2,false,141.238.143.19
17,1.0,ea0f2de75608546d45041d003ce412527a2f25c2,false,144.216.176.170
18,9.96,ea0f2de75608546d45041d003ce412527a2f25c2,true,134.137.120.49
19,0.7.1,ea0f2de75608546d45041d003ce412527a2f25c2,false,16.229.218.194
20,8.98,ea0f2de75608546d45041d003ce412527a2f25c2,true,72.153.200.175
21,0.3.1,ea0f2de75608546d45041d003ce412527a2f25c2,true,239.130.99.5
22,9.97,ea0f2de75608546d45041d003ce412527a2f25c2,false,53.181.106.62
23,6.1,ea0f2de75608546d45041d003ce412527a2f25c2,false,86.89.68.252
24,0.9.3,ea0f2de75608546d45041d003ce412527a2f25c2,true,255.5.43.101
25,0.8.6,ea0f2de75608546d45041d003ce412527a2f25c2,true,232.131.49.145
26,1.40,ea0f2de75608546d45041d003ce412527a2f25c2,false,233.182.43.148
27,0.57,ea0f2de75608546d45041d003ce412527a2f25c2,true,77.83.142.51
28,0.91,ea0f2de75608546d45041d003ce412527a2f25c2,true,157.154.232.173
29,0.62,ea0f2de75608546d45041d003ce412527a2f25c2,false,154.30.250.13
30,0.95,ea0f2de75608546d45041d003ce412527a2f25c2,true,225.128.246.99
31,0.3.1,ea0f2de75608546d45041d003ce412527a2f25c2,false,239.60.130.109
32,0.45,ea0f2de75608546d45041d003ce412527a2f25c2,true,168.56.122.128
33,0.9.9,ea0f2de75608546d45041d003ce412527a2f25c2,false,20.233.115.118
34,4.58,ea0f2de75608546d45041d003ce412527a2f25c2,false,13.93.67.195
35,6.1.1,ea0f2de75608546d45041d003ce412527a2f25c2,false,133.176.82.126
36,0.7.1,ea0f2de75608546d45041d003ce412527a2f25c2,true,254.109.93.66
37,4.7,ea0f2de75608546d45041d003ce412527a2f25c2,true,245.53.51.202
38,0.40,ea0f2de75608546d45041d003ce412527a2f25c2,false,197.247.105.5
39,0.55,ea0f2de75608546d45041d003ce412527a2f25c2,true,19.10.13.245
40,0.99,ea0f2de75608546d45041d003ce412527a2f25c2,true,241.54.171.121
41,8.02,ea0f2de75608546d45041d003ce412527a2f25c2,true,153.236.252.226
42,0.86,ea0f2de75608546d45041d003ce412527a2f25c2,false,211.172.217.45
43,3.86,ea0f2de75608546d45041d003ce412527a2f25c2,false,87.52.171.10
44,0.33,ea0f2de75608546d45041d003ce412527a2f25c2,false,95.126.135.120
45,0.53,ea0f2de75608546d45041d003ce412527a2f25c2,true,21.210.47.18
46,0.22,ea0f2de75608546d45041d003ce412527a2f25c2,false,196.78.198.239
47,7.9.5,ea0f2de75608546d45041d003ce412527a2f25c2,false,72.18.87.61
48,7.86,ea0f2de75608546d45041d003ce412527a2f25c2,false,57.113.216.7
49,2.40,ea0f2de75608546d45041d003ce412527a2f25c2,true,205.193.28.109
50,7.8.8,ea0f2de75608546d45041d003ce412527a2f25c2,true,75.250.176.119
51,4.58,ea0f2de75608546d45041d003ce412527a2f25c2,true,103.188.253.13
52,0.2.2,ea0f2de75608546d45041d003ce412527a2f25c2,false,250.86.169.145
53,0.6.8,ea0f2de75608546d45041d003ce412527a2f25c2,true,67.215.0.91
54,1.85,ea0f2de75608546d45041d003ce412527a2f25c2,true,144.61.72.154
55,0.99,ea0f2de75608546d45041d003ce412527a2f25c2,false,125.195.41.230
56,0.4.4,ea0f2de75608546d45041d003ce412527a2f25c2,true,11.192.89.36
57,0.1.0,ea0f2de75608546d45041d003ce412527a2f25c2,true,171.235.15.136
58,8.5.4,ea0f2de75608546d45041d003ce412527a2f25c2,false,105.15.160.251
59,0.2.5,ea0f2de75608546d45041d003ce412527a2f25c2,false,49.6.178.22
60,6.53,ea0f2de75608546d45041d003ce412527a2f25c2,false,250.94.244.104
61,0.6.1,ea0f2de75608546d45041d003ce412527a2f25c2,false,54.11.155.28
62,7.1.7,ea0f2de75608546d45041d003ce412527a2f25c2,true,172.252.211.111
63,1.3.1,ea0f2de75608546d45041d003ce412527a2f25c2,true,179.8.60.88
64,2.3,ea0f2de75608546d45041d003ce412527a2f25c2,false,17.55.211.92
65,0.1.0,ea0f2de75608546d45041d003ce412527a2f25c2,true,106.114.69.214
66,9.08,ea0f2de75608546d45041d003ce412527a2f25c2,true,221.125.173.89
67,0.2.7,ea0f2de75608546d45041d003ce412527a2f25c2,false,184.79.155.214
68,2.29,ea0f2de75608546d45041d003ce412527a2f25c2,true,136.8.144.35
69,4.4,ea0f2de75608546d45041d003ce412527a2f25c2,false,28.77.146.29
70,4.2,ea0f2de75608546d45041d003ce412527a2f25c2,true,132.207.166.234
71,1.3,ea0f2de75608546d45041d003ce412527a2f25c2,false,2.156.82.42
72,6.0.3,ea0f2de75608546d45041d003ce412527a2f25c2,false,47.38.27.61
73,0.9.2,ea0f2de75608546d45041d003ce412527a2f25c2,true,148.200.16.124
74,0.1.7,ea0f2de75608546d45041d003ce412527a2f25c2,false,42.223.34.42
75,6.4,ea0f2de75608546d45041d003ce412527a2f25c2,false,21.15.142.19
76,0.3.6,ea0f2de75608546d45041d003ce412527a2f25c2,false,143.3.226.28
77,1.0,ea0f2de75608546d45041d003ce412527a2f25c2,false,109.37.207.210
78,9.89,ea0f2de75608546d45041d003ce412527a2f25c2,false,114.239.86.182
79,0.1.6,ea0f2de75608546d45041d003ce412527a2f25c2,false,226.50.187.183
80,9.9,ea0f2de75608546d45041d003ce412527a2f25c2,false,78.167.211.244
81,0.6.6,ea0f2de75608546d45041d003ce412527a2f25c2,false,220.209.231.62
82,4.5,ea0f2de75608546d45041d003ce412527a2f25c2,true,126.159.83.50
83,3.8,ea0f2de75608546d45041d003ce412527a2f25c2,true,215.225.135.97
84,7.7,ea0f2de75608546d45041d003ce412527a2f25c2,true,128.218.160.4
85,7.29,ea0f2de75608546d45041d003ce412527a2f25c2,false,57.170.164.52
86,1.8.5,ea0f2de75608546d45041d003ce412527a2f25c2,false,222.3.216.144
87,0.3.7,ea0f2de75608546d45041d003ce412527a2f25c2,true,53.193.251.152
88,6.5.4,ea0f2de75608546d45041d003ce412527a2f25c2,true,147.228.15.231
89,0.63,ea0f2de75608546d45041d003ce412527a2f25c2,false,46.58.216.178
90,5.85,ea0f2de75608546d45041d003ce412527a2f25c2,true,200.154.57.115
91,3.67,ea0f2de75608546d45041d003ce412527a2f25c2,true,142.180.144.105
92,5.72,ea0f2de75608546d45041d003ce412527a2f25c2,true,129.2.88.224
93,0.83,ea0f2de75608546d45041d003ce412527a2f25c2,false,177.178.188.113
94,3.4,ea0f2de75608546d45041d003ce412527a2f25c2,false,16.56.160.250
95,1.63,ea0f2de75608546d45041d003ce412527a2f25c2,false,56.81.35.123
96,0.5.1,ea0f2de75608546d45041d003ce412527a2f25c2,false,145.247.7.120
97,2.22,ea0f2de75608546d45041d003ce412527a2f25c2,false,45.15.231.74
98,0.7.2,ea0f2de75608546d45041d003ce412527a2f25c2,true,171.22.154.147
99,7.5,ea0f2de75608546d45041d003ce412527a2f25c2,true,23.37.0.53
100,0.13,ea0f2de75608546d45041d003ce412527a2f25c2,true,42.138.221.168
101,0.79,ea0f2de75608546d45041d003ce412527a2f25c2,true,202.218.250.98
102,7.43,ea0f2de75608546d45041d003ce412527a2f25c2,false,161.34.102.83
103,0.9.0,ea0f2de75608546d45041d003ce412527a2f25c2,false,229.193.26.81
104,0.7.2,ea0f2de75608546d45041d003ce412527a2f25c2,true,222.193.164.39
105,4.1.1,ea0f2de75608546d45041d003ce412527a2f25c2,true,177.181.84.109
106,4.8,ea0f2de75608546d45041d003ce412527a2f25c2,true,195.179.58.125
107,0.71,ea0f2de75608546d45041d003ce412527a2f25c2,true,8.223.182.52
108,0.97,ea0f2de75608546d45041d003ce412527a2f25c2,true,47.162.96.206
109,0.43,ea0f2de75608546d45041d003ce412527a2f25c2,true,116.134.239.110
110,2.32,ea0f2de75608546d45041d003ce412527a2f25c2,true,55.174.136.15
111,0.6.0,ea0f2de75608546d45041d003ce412527a2f25c2,false,108.52.16.66
112,5.39,ea0f2de75608546d45041d003ce412527a2f25c2,true,215.10.50.125
113,0.19,ea0f2de75608546d45041d003ce412527a2f25c2,true,71.246.78.198
114,3.05,ea0f2de75608546d45041d003ce412527a2f25c2,true,145.244.17.119
115,0.37,ea0f2de75608546d45041d003ce412527a2f25c2,false,214.130.106.114
116,1.3,ea0f2de75608546d45041d003ce412527a2f25c2,true,73.238.12.214
117,0.62,ea0f2de75608546d45041d003ce412527a2f25c2,true,84.145.114.150
118,4.08,ea0f2de75608546d45041d003ce412527a2f25c2,false,246.96.240.251
119,5.3.6,ea0f2de75608546d45041d003ce412527a2f25c2,false,145.254.229.101
120,1.6.4,ea0f2de75608546d45041d003ce412527a2f25c2,true,28.169.21.138
121,8.9,ea0f2de75608546d45041d003ce412527a2f25c2,false,251.133.249.182
122,4.2,ea0f2de75608546d45041d003ce412527a2f25c2,false,145.161.245.85
123,2.3,ea0f2de75608546d45041d003ce412527a2f25c2,false,249.91.140.3
124,0.71,ea0f2de75608546d45041d003ce412527a2f25c2,false,40.200.102.103
125,7.12,ea0f2de75608546d45041d003ce412527a2f25c2,true,9.94.117.165
126,0.50,ea0f2de75608546d45041d003ce412527a2f25c2,true,79.50.231.154
127,9.36,ea0f2de75608546d45041d003ce412527a2f25c2,true,107.174.42.119
128,0.70,ea0f2de75608546d45041d003ce412527a2f25c2,true,190.232.226.198
129,6.5.4,ea0f2de75608546d45041d003ce412527a2f25c2,true,253.216.189.178
130,5.3,ea0f2de75608546d45041d003ce412527a2f25c2,true,45.85.172.10
131,9.6.4,ea0f2de75608546d45041d003ce412527a2f25c2,false,139.148.96.33
132,7.0,ea0f2de75608546d45041d003ce412527a2f25c2,true,196.117.85.24
133,8.8,ea0f2de75608546d45041d003ce412527a2f25c2,false,29.60.121.42
134,0.46,ea0f2de75608546d45041d003ce412527a2f25c2,false,154.22.181.157
135,0.38,ea0f2de75608546d45041d003ce412527a2f25c2,true,91.93.178.52
136,3.9.0,ea0f2de75608546d45041d003ce412527a2f25c2,false,73.52.176.191
137,0.2.7,ea0f2de75608546d45041d003ce412527a2f25c2,false,237.3.57.179
138,8.89,ea0f2de75608546d45041d003ce412527a2f25c2,false,212.41.111.230
139,0.54,ea0f2de75608546d45041d003ce412527a2f25c2,true,26.64.247.208
140,4.8,ea0f2de75608546d45041d003ce412527a2f25c2,true,120.178.212.63
141,0.2.0,ea0f2de75608546d45041d003ce412527a2f25c2,false,36.235.162.156
142,0.24,ea0f2de75608546d45041d003ce412527a2f25c2,true,144.222.177.38
143,0.5.5,ea0f2de75608546d45041d003ce412527a2f25c2,false,166.141.185.213
144,0.49,ea0f2de75608546d45041d003ce412527a2f25c2,true,103.56.54.89
145,4.1,ea0f2de75608546d45041d003ce412527a2f25c2,true,104.32.218.224
146,5.7.7,ea0f2de75608546d45041d003ce412527a2f25c2,false,232.238.190.95
147,9.0,ea0f2de75608546d45041d003ce412527a2f25c2,true,149.187.63.68
148,0.15,ea0f2de75608546d45041d003ce412527a2f25c2,true,124.27.85.108
149,3.0,ea0f2de75608546d45041d003ce412527a2f25c2,false,104.173.232.138
150,0.1.8,ea0f2de75608546d45041d003ce412527a2f25c2,false,228.106.224.214
151,0.4.0,ea0f2de75608546d45041d003ce412527a2f25c2,true,98.172.136.221
152,5.1,ea0f2de75608546d45041d003ce412527a2f25c2,true,239.123.128.9
153,6.6,ea0f2de75608546d45041d003ce412527a2f25c2,false,84.195.84.127
154,7.4,ea0f2de75608546d45041d003ce412527a2f25c2,false,34.246.108.89
155,8.94,ea0f2de75608546d45041d003ce412527a2f25c2,true,41.219.150.166
156,0.5.7,ea0f2de75608546d45041d003ce412527a2f25c2,false,203.215.150.49
157,0.2.7,ea0f2de75608546d45041d003ce412527a2f25c2,true,234.112.221.222
158,0.5.4,ea0f2de75608546d45041d003ce412527a2f25c2,false,76.182.167.0
159,5.77,ea0f2de75608546d45041d003ce412527a2f25c2,false,74.83.68.254
160,6.30,ea0f2de75608546d45041d003ce412527a2f25c2,false,229.45.37.157
161,7.03,ea0f2de75608546d45041d003ce412527a2f25c2,true,221.7.97.25
162,3.8.4,ea0f2de75608546d45041d003ce412527a2f25c2,false,115.241.251.90
163,9.3.7,ea0f2de75608546d45041d003ce412527a2f25c2,true,205.156.110.113
164,7.90,ea0f2de75608546d45041d003ce412527a2f25c2,true,217.189.125.255
165,3.3.4,ea0f2de75608546d45041d003ce412527a2f25c2,false,112.115.79.12
166,7.29,ea0f2de75608546d45041d003ce412527a2f25c2,true,52.173.93.168
167,9.13,ea0f2de75608546d45041d003ce412527a2f25c2,true,146.0.126.95
168,9.5.7,ea0f2de75608546d45041d003ce412527a2f25c2,true,234.157.122.196
169,0.6.8,ea0f2de75608546d45041d003ce412527a2f25c2,true,110.246.164.70
170,4.4,ea0f2de75608546d45041d003ce412527a2f25c2,true,171.48.56.84
171,2.78,ea0f2de75608546d45041d003ce412527a2f25c2,false,89.60.53.175
172,8.4.2,ea0f2de75608546d45041d003ce412527a2f25c2,false,235.71.137.255
173,0.91,ea0f2de75608546d45041d003ce412527a2f25c2,true,187.17.209.243
174,0.48,ea0f2de75608546d45041d003ce412527a2f25c2,true,226.23.71.28
175,0.6.2,ea0f2de75608546d45041d003ce412527a2f25c2,false,37.204.42.75
176,0.3.9,ea0f2de75608546d45041d003ce412527a2f25c2,false,160.164.73.5
177,0.9.5,ea0f2de75608546d45041d003ce412527a2f25c2,false,255.252.53.111
178,6.1,ea0f2de75608546d45041d003ce412527a2f25c2,false,233.201.141.233
179,3.7,ea0f2de75608546d45041d003ce412527a2f25c2,true,222.2.92.60
180,0.4.3,ea0f2de75608546d45041d003ce412527a2f25c2,false,193.151.87.114
181,9.3,ea0f2de75608546d45041d003ce412527a2f25c2,true,244.185.229.15
182,0.54,ea0f2de75608546d45041d003ce412527a2f25c2,true,29.37.81.147
183,0.67,ea0f2de75608546d45041d003ce412527a2f25c2,true,206.72.210.141
184,3.65,ea0f2de75608546d45041d003ce412527a2f25c2,false,189.226.112.1
185,5.7,ea0f2de75608546d45041d003ce412527a2f25c2,false,11.57.243.166
186,7.8,ea0f2de75608546d45041d003ce412527a2f25c2,false,72.118.52.197
187,0.4.1,ea0f2de75608546d45041d003ce412527a2f25c2,false,180.137.138.226
188,0.3.9,ea0f2de75608546d45041d003ce412527a2f25c2,true,244.150.227.176
189,4.1.8,ea0f2de75608546d45041d003ce412527a2f25c2,true,68.184.215.202
190,1.78,ea0f2de75608546d45041d003ce412527a2f25c2,true,106.82.115.254
191,0.63,ea0f2de75608546d45041d003ce412527a2f25c2,true,224.116.254.23
192,0.69,ea0f2de75608546d45041d003ce412527a2f25c2,true,221.170.208.16
193,0.38,ea0f2de75608546d45041d003ce412527a2f25c2,false,90.92.180.179
194,6.21,ea0f2de75608546d45041d003ce412527a2f25c2,true,84.102.122.207
195,4.6,ea0f2de75608546d45041d003ce412527a2f25c2,false,174.155.177.155
196,6.42,ea0f2de75608546d45041d003ce412527a2f25c2,false,17.53.225.201
197,4.7.5,ea0f2de75608546d45041d003ce412527a2f25c2,true,51.101.12.142
198,0.9.5,ea0f2de75608546d45041d003ce412527a2f25c2,false,9.154.161.104
199,6.8,ea0f2de75608546d45041d003ce412527a2f25c2,true,192.202.172.94
200,0.7.5,ea0f2de75608546d45041d003ce412527a2f25c2,true,140.37.1.58
201,5.2.3,ea0f2de75608546d45041d003ce412527a2f25c2,true,50.121.97.95
202,7.55,ea0f2de75608546d45041d003ce412527a2f25c2,false,236.100.230.224
203,0.37,ea0f2de75608546d45041d003ce412527a2f25c2,false,162.121.160.124
204,6.2.3,ea0f2de75608546d45041d003ce412527a2f25c2,false,231.41.139.242
205,0.87,ea0f2de75608546d45041d003ce412527a2f25c2,false,107.6.74.17
206,0.4.8,ea0f2de75608546d45041d003ce412527a2f25c2,true,16.251.33.193
207,5.36,ea0f2de75608546d45041d003ce412527a2f25c2,false,109.19.53.146
208,2.2,ea0f2de75608546d45041d003ce412527a2f25c2,true,56.156.74.197
209,0.5.9,ea0f2de75608546d45041d003ce412527a2f25c2,true,33.230.207.161
210,1.24,ea0f2de75608546d45041d003ce412527a2f25c2,true,79.113.155.217
211,8.4,ea0f2de75608546d45041d003ce412527a2f25c2,true,203.63.14.153
212,0.11,ea0f2de75608546d45041d003ce412527a2f25c2,false,0.187.194.6
213,2.2,ea0f2de75608546d45041d003ce412527a2f25c2,true,214.120.13.209
214,7.5,ea0f2de75608546d45041d003ce412527a2f25c2,true,80.78.149.237
215,9.2.9,ea0f2de75608546d45041d003ce412527a2f25c2,true,168.214.37.44
216,0.8.0,ea0f2de75608546d45041d003ce412527a2f25c2,false,143.194.181.186
217,6.1,ea0f2de75608546d45041d003ce412527a2f25c2,true,147.29.230.77
218,0.2.2,ea0f2de75608546d45041d003ce412527a2f25c2,true,69.24.138.10
219,0.7.8,ea0f2de75608546d45041d003ce412527a2f25c2,true,196.190.5.229
220,2.4.1,ea0f2de75608546d45041d003ce412527a2f25c2,true,71.156.70.115
221,0.78,ea0f2de75608546d45041d003ce412527a2f25c2,false,167.118.58.145
222,0.1.3,ea0f2de75608546d45041d003ce412527a2f25c2,true,166.14.61.187
223,4.4.2,ea0f2de75608546d45041d003ce412527a2f25c2,true,61.217.206.59
224,0.95,ea0f2de75608546d45041d003ce412527a2f25c2,true,252.116.147.38
225,0.6.4,ea0f2de75608546d45041d003ce412527a2f25c2,true,28.79.2.234
226,4.3,ea0f2de75608546d45041d003ce412527a2f25c2,true,42.42.168.232
227,7.8,ea0f2de75608546d45041d003ce412527a2f25c2,false,81.244.164.160
228,0.3.7,ea0f2de75608546d45041d003ce412527a2f25c2,true,35.118.92.31
229,0.84,ea0f2de75608546d45041d003ce412527a2f25c2,true,89.69.132.213
230,5.3.6,ea0f2de75608546d45041d003ce412527a2f25c2,false,7.84.178.10
231,1.39,ea0f2de75608546d45041d003ce412527a2f25c2,false,196.254.24.166
232,0.9.0,ea0f2de75608546d45041d003ce412527a2f25c2,false,208.233.160.177
233,2.9,ea0f2de75608546d45041d003ce412527a2f25c2,false,58.145.140.8
234,0.1.2,ea0f2de75608546d45041d003ce412527a2f25c2,false,148.227.155.13
235,2.3,ea0f2de75608546d45041d003ce412527a2f25c2,true,31.47.218.68
236,6.6,ea0f2de75608546d45041d003ce412527a2f25c2,true,11.74.137.40
237,1.15,ea0f2de75608546d45041d003ce412527a2f25c2,true,200.174.224.157
238,0.5.0,ea0f2de75608546d45041d003ce412527a2f25c2,true,43.113.237.156
239,0.8.7,ea0f2de75608546d45041d003ce412527a2f25c2,false,193.101.56.165
240,0.4.9,ea0f2de75608546d45041d003ce412527a2f25c2,false,99.142.247.248
241,7.14,ea0f2de75608546d45041d003ce412527a2f25c2,true,141.59.206.228
242,0.18,ea0f2de75608546d45041d003ce412527a2f25c2,false,156.127.60.253
243,0.8.2,ea0f2de75608546d45041d003ce412527a2f25c2,false,4.99.219.223
244,9.1.1,ea0f2de75608546d45041d003ce412527a2f25c2,true,184.191.11.3
245,4.1.8,ea0f2de75608546d45041d003ce412527a2f25c2,true,163.94.164.200
246,8.37,ea0f2de75608546d45041d003ce412527a2f25c2,false,95.217.148.242
247,0.84,ea0f2de75608546d45041d003ce412527a2f25c2,true,209.162.179.100
248,6.7,ea0f2de75608546d45041d003ce412527a2f25c2,false,23.128.102.207
249,2.7.2,ea0f2de75608546d45041d003ce412527a2f25c2,true,171.158.243.43
250,0.62,ea0f2de75608546d45041d003ce412527a2f25c2,false,131.201.145.158
251,0.99,ea0f2de75608546d45041d003ce412527a2f25c2,false,175.105.34.102
252,7.8.9,ea0f2de75608546d45041d003ce412527a2f25c2,true,197.81.104.234
253,0.83,ea0f2de75608546d45041d003ce412527a2f25c2,true,208.81.173.49
254,1.43,ea0f2de75608546d45041d003ce412527a2f25c2,false,163.197.44.29
255,8.75,ea0f2de75608546d45041d003ce412527a2f25c2,false,22.112.94.51
256,7.8,ea0f2de75608546d45041d003ce412527a2f25c2,true,69.241.244.241
257,0.6.2,ea0f2de75608546d45041d003ce412527a2f25c2,false,33.235.194.122
258,0.34,ea0f2de75608546d45041d003ce412527a2f25c2,true,108.155.91.187
259,0.2.4,ea0f2de75608546d45041d003ce412527a2f25c2,true,9.49.90.217
260,0.35,ea0f2de75608546d45041d003ce412527a2f25c2,false,167.217.218.97
261,3.22,ea0f2de75608546d45041d003ce412527a2f25c2,true,253.111.121.57
262,4.3,ea0f2de75608546d45041d003ce412527a2f25c2,true,185.99.51.184
263,0.4.6,ea0f2de75608546d45041d003ce412527a2f25c2,false,99.12.252.170
264,0.84,ea0f2de75608546d45041d003ce412527a2f25c2,true,196.127.4.14
265,2.0,ea0f2de75608546d45041d003ce412527a2f25c2,false,71.63.89.101
266,0.31,ea0f2de75608546d45041d003ce412527a2f25c2,true,115.224.5.116
267,0.69,ea0f2de75608546d45041d003ce412527a2f25c2,false,129.177.63.123
268,0.63,ea0f2de75608546d45041d003ce412527a2f25c2,true,178.15.78.187
269,2.77,ea0f2de75608546d45041d003ce412527a2f25c2,false,215.140.178.125
270,9.71,ea0f2de75608546d45041d003ce412527a2f25c2,true,71.139.253.23
271,8.8.7,ea0f2de75608546d45041d003ce412527a2f25c2,false,118.105.76.184
272,1.33,ea0f2de75608546d45041d003ce412527a2f25c2,true,141.75.193.26
273,1.4,ea0f2de75608546d45041d003ce412527a2f25c2,false,141.59.182.178
274,6.2,ea0f2de75608546d45041d003ce412527a2f25c2,true,41.237.212.200
275,9.9.4,ea0f2de75608546d45041d003ce412527a2f25c2,false,18.44.186.215
276,7.3.4,ea0f2de75608546d45041d003ce412527a2f25c2,false,68.147.203.112
277,0.21,ea0f2de75608546d45041d003ce412527a2f25c2,false,106.151.244.94
278,0.31,ea0f2de75608546d45041d003ce412527a2f25c2,true,94.204.119.139
279,0.90,ea0f2de75608546d45041d003ce412527a2f25c2,true,38.17.122.44
280,4.1.9,ea0f2de75608546d45041d003ce412527a2f25c2,false,186.93.148.34
281,4.0,ea0f2de75608546d45041d003ce412527a2f25c2,false,138.11.152.207
282,1.4.1,ea0f2de75608546d45041d003ce412527a2f25c2,false,5.31.192.87
283,0.7.1,ea0f2de75608546d45041d003ce412527a2f25c2,false,146.41.201.224
284,4.7,ea0f2de75608546d45041d003ce412527a2f25c2,false,246.10.158.169
285,0.9.5,ea0f2de75608546d45041d003ce412527a2f25c2,false,14.71.254.211
286,7.8,ea0f2de75608546d45041d003ce412527a2f25c2,false,154.228.197.207
287,0.76,ea0f2de75608546d45041d003ce412527a2f25c2,true,233.149.233.98
288,4.9.8,ea0f2de75608546d45041d003ce412527a2f25c2,false,151.9.152.44
289,3.4,ea0f2de75608546d45041d003ce412527a2f25c2,false,41.188.251.109
290,5.7.3,ea0f2de75608546d45041d003ce412527a2f25c2,true,206.90.222.123
291,4.0.7,ea0f2de75608546d45041d003ce412527a2f25c2,true,58.141.245.245
292,0.87,ea0f2de75608546d45041d003ce412527a2f25c2,true,124.202.18.229
293,7.0.5,ea0f2de75608546d45041d003ce412527a2f25c2,false,80.121.18.164
294,5.0.7,ea0f2de75608546d45041d003ce412527a2f25c2,true,101.179.235.238
295,0.85,ea0f2de75608546d45041d003ce412527a2f25c2,false,70.165.92.59
296,0.4.7,ea0f2de75608546d45041d003ce412527a2f25c2,false,205.240.173.104
297,0.6.0,ea0f2de75608546d45041d003ce412527a2f25c2,true,4.190.86.239
298,1.1.3,ea0f2de75608546d45041d003ce412527a2f25c2,true,210.106.210.114
299,7.18,ea0f2de75608546d45041d003ce412527a2f25c2,false,14.199.126.134
300,0.26,ea0f2de75608546d45041d003ce412527a2f25c2,true,127.3.108.20
301,0.8.9,ea0f2de75608546d45041d003ce412527a2f25c2,false,227.124.127.187
302,0.5.2,ea0f2de75608546d45041d003ce412527a2f25c2,true,89.113.150.139
303,0.86,ea0f2de75608546d45041d003ce412527a2f25c2,true,57.181.18.77
304,9.96,ea0f2de75608546d45041d003ce412527a2f25c2,true,205.81.153.231
305,3.31,ea0f2de75608546d45041d003ce412527a2f25c2,true,71.223.120.177
306,4.0,ea0f2de75608546d45041d003ce412527a2f25c2,false,130.159.41.179
307,0.28,ea0f2de75608546d45041d003ce412527a2f25c2,false,55.107.27.24
308,0.20,ea0f2de75608546d45041d003ce412527a2f25c2,false,114.154.29.72
309,0.60,ea0f2de75608546d45041d003ce412527a2f25c2,false,14.234.62.177
310,0.90,ea0f2de75608546d45041d003ce412527a2f25c2,true,15.198.220.136
311,4.7.9,ea0f2de75608546d45041d003ce412527a2f25c2,false,173.71.186.100
312,7.3.1,ea0f2de75608546d45041d003ce412527a2f25c2,false,234.156.182.222
313,7.75,ea0f2de75608546d45041d003ce412527a2f25c2,false,200.105.129.178
314,0.6.0,ea0f2de75608546d45041d003ce412527a2f25c2,false,133.194.184.203
315,2.70,ea0f2de75608546d45041d003ce412527a2f25c2,false,143.224.90.17
316,6.5,ea0f2de75608546d45041d003ce412527a2f25c2,true,34.201.10.27
317,3.07,ea0f2de75608546d45041d003ce412527a2f25c2,true,63.129.39.6
318,0.52,ea0f2de75608546d45041d003ce412527a2f25c2,false,175.118.138.246
319,9.8.3,ea0f2de75608546d45041d003ce412527a2f25c2,true,48.52.203.101
320,0.3.0,ea0f2de75608546d45041d003ce412527a2f25c2,true,106.33.18.32
321,2.29,ea0f2de75608546d45041d003ce412527a2f25c2,false,179.180.225.46
322,0.6.8,ea0f2de75608546d45041d003ce412527a2f25c2,false,180.70.39.6
323,0.7.3,ea0f2de75608546d45041d003ce412527a2f25c2,false,243.65.95.243
324,7.6,ea0f2de75608546d45041d003ce412527a2f25c2,false,23.127.166.196
325,4.4.2,ea0f2de75608546d45041d003ce412527a2f25c2,false,223.8.44.244
326,0.20,ea0f2de75608546d45041d003ce412527a2f25c2,true,182.212.30.185
327,0.4.0,ea0f2de75608546d45041d003ce412527a2f25c2,true,141.93.92.98
328,0.3.2,ea0f2de75608546d45041d003ce412527a2f25c2,false,214.37.43.81
329,0.1.6,ea0f2de75608546d45041d003ce412527a2f25c2,false,122.219.234.224
330,0.38,ea0f2de75608546d45041d003ce412527a2f25c2,true,5.17.129.163
331,2.7,ea0f2de75608546d45041d003ce412527a2f25c2,false,133.34.248.230
332,8.8,ea0f2de75608546d45041d003ce412527a2f25c2,false,3.36.126.192
333,5.06,ea0f2de75608546d45041d003ce412527a2f25c2,true,214.35.59.166
334,0.15,ea0f2de75608546d45041d003ce412527a2f25c2,false,39.183.79.213
335,0.13,ea0f2de75608546d45041d003ce412527a2f25c2,false,87.222.248.24
336,0.84,ea0f2de75608546d45041d003ce412527a2f25c2,true,182.148.26.97
337,0.72,ea0f2de75608546d45041d003ce412527a2f25c2,true,19.175.228.47
338,3.4,ea0f2de75608546d45041d003ce412527a2f25c2,false,245.197.109.30
339,1.7,ea0f2de75608546d45041d003ce412527a2f25c2,true,236.209.44.204
340,3.38,ea0f2de75608546d45041d003ce412527a2f25c2,false,78.26.76.38
341,3.71,ea0f2de75608546d45041d003ce412527a2f25c2,false,220.186.136.102
342,0.12,ea0f2de75608546d45041d003ce412527a2f25c2,false,130.203.10.162
343,4.3,ea0f2de75608546d45041d003ce412527a2f25c2,false,201.60.227.30
344,1.1,ea0f2de75608546d45041d003ce412527a2f25c2,false,38.138.164.20
345,0.86,ea0f2de75608546d45041d003ce412527a2f25c2,false,134.25.112.60
346,5.4,ea0f2de75608546d45041d003ce412527a2f25c2,true,143.118.48.40
347,0.70,ea0f2de75608546d45041d003ce412527a2f25c2,false,169.193.205.131
348,0.79,ea0f2de75608546d45041d003ce412527a2f25c2,false,54.165.168.178
349,4.6,ea0f2de75608546d45041d003ce412527a2f25c2,true,147.17.205.100
350,0.73,ea0f2de75608546d45041d003ce412527a2f25c2,true,153.17.93.198
351,3.0.0,ea0f2de75608546d45041d003ce412527a2f25c2,false,68.123.33.75
352,3.0,ea0f2de75608546d45041d003ce412527a2f25c2,false,237.35.139.152
353,0.31,ea0f2de75608546d45041d003ce412527a2f25c2,false,178.133.5.26
354,1.8,ea0f2de75608546d45041d003ce412527a2f25c2,true,224.114.210.102
355,7.1,ea0f2de75608546d45041d003ce412527a2f25c2,true,169.185.206.218
356,4.46,ea0f2de75608546d45041d003ce412527a2f25c2,false,130.163.18.127
357,9.26,ea0f2de75608546d45041d003ce412527a2f25c2,true,124.93.62.85
358,3.4.5,ea0f2de75608546d45041d003ce412527a2f25c2,true,71.167.104.29
359,0.51,ea0f2de75608546d45041d003ce412527a2f25c2,false,126.169.133.168
360,9.1.3,ea0f2de75608546d45041d003ce412527a2f25c2,false,114.166.95.139
361,8.9.5,ea0f2de75608546d45041d003ce412527a2f25c2,false,208.46.130.240
362,6.7.7,ea0f2de75608546d45041d003ce412527a2f25c2,true,75.50.15.52
363,6.2,ea0f2de75608546d45041d003ce412527a2f25c2,true,162.202.240.166
364,4.0,ea0f2de75608546d45041d003ce412527a2f25c2,false,163.218.188.236
365,0.4.1,ea0f2de75608546d45041d003ce412527a2f25c2,false,190.120.51.156
366,1.1.9,ea0f2de75608546d45041d003ce412527a2f25c2,true,197.60.152.254
367,1.8,ea0f2de75608546d45041d003ce412527a2f25c2,false,171.106.56.125
368,3.2,ea0f2de75608546d45041d003ce412527a2f25c2,true,168.135.226.211
369,6.5,ea0f2de75608546d45041d003ce412527a2f25c2,true,172.85.6.182
370,0.4.8,ea0f2de75608546d45041d003ce412527a2f25c2,false,115.9.51.79
371,0.95,ea0f2de75608546d45041d003ce412527a2f25c2,false,210.77.182.78
372,0.1.2,ea0f2de75608546d45041d003ce412527a2f25c2,false,72.200.88.100
373,0.98,ea0f2de75608546d45041d003ce412527a2f25c2,false,157.111.104.64
374,6.0.7,ea0f2de75608546d45041d003ce412527a2f25c2,false,87.115.112.70
375,3.5.0,ea0f2de75608546d45041d003ce412527a2f25c2,true,208.108.175.14
376,0.1.0,ea0f2de75608546d45041d003ce412527a2f25c2,false,27.234.79.97
377,0.77,ea0f2de75608546d45041d003ce412527a2f25c2,false,90.255.45.17
378,8.1.4,ea0f2de75608546d45041d003ce412527a2f25c2,true,208.33.127.195
379,3.6.8,ea0f2de75608546d45041d003ce412527a2f25c2,true,7.185.66.252
380,4.5.5,ea0f2de75608546d45041d003ce412527a2f25c2,false,141.28.121.55
381,1.4.0,ea0f2de75608546d45041d003ce412527a2f25c2,true,165.87.167.101
382,9.89,ea0f2de75608546d45041d003ce412527a2f25c2,false,107.236.172.81
383,8.3.6,ea0f2de75608546d45041d003ce412527a2f25c2,false,60.5.10.106
384,3.06,ea0f2de75608546d45041d003ce412527a2f25c2,false,29.216.30.255
385,0.91,ea0f2de75608546d45041d003ce412527a2f25c2,true,36.199.100.183
386,0.8.1,ea0f2de75608546d45041d003ce412527a2f25c2,true,94.55.243.52
387,7.3,ea0f2de75608546d45041d003ce412527a2f25c2,true,44.139.97.189
388,4.6.8,ea0f2de75608546d45041d003ce412527a2f25c2,false,124.213.228.213
389,2.0.1,ea0f2de75608546d45041d003ce412527a2f25c2,true,120.128.51.192
390,9.3,ea0f2de75608546d45041d003ce412527a2f25c2,true,254.228.132.179
391,5.5.5,ea0f2de75608546d45041d003ce412527a2f25c2,true,210.20.235.30
392,6.4,ea0f2de75608546d45041d003ce412527a2f25c2,false,46.183.146.159
393,2.5,ea0f2de75608546d45041d003ce412527a2f25c2,false,0.139.166.215
394,8.3.7,ea0f2de75608546d45041d003ce412527a2f25c2,true,247.176.139.116
395,2.7.2,ea0f2de75608546d45041d003ce412527a2f25c2,false,146.239.246.174
396,0.4.8,ea0f2de75608546d45041d003ce412527a2f25c2,false,40.206.248.196
397,7.78,ea0f2de75608546d45041d003ce412527a2f25c2,true,225.136.1.164
398,2.2.6,ea0f2de75608546d45041d003ce412527a2f25c2,false,74.98.85.152
399,0.29,ea0f2de75608546d45041d003ce412527a2f25c2,false,129.48.179.215
400,4.04,ea0f2de75608546d45041d003ce412527a2f25c2,false,215.79.142.238
401,6.7.5,ea0f2de75608546d45041d003ce412527a2f25c2,false,100.63.53.60
402,0.6.8,ea0f2de75608546d45041d003ce412527a2f25c2,true,217.163.0.158
403,4.54,ea0f2de75608546d45041d003ce412527a2f25c2,true,19.152.150.125
404,4.62,ea0f2de75608546d45041d003ce412527a2f25c2,true,135.219.205.123
405,1.54,ea0f2de75608546d45041d003ce412527a2f25c2,true,122.31.86.62
406,6.5,ea0f2de75608546d45041d003ce412527a2f25c2,false,135.195.141.249
407,7.4,ea0f2de75608546d45041d003ce412527a2f25c2,true,22.162.63.37
408,0.8.8,ea0f2de75608546d45041d003ce412527a2f25c2,true,142.207.246.223
409,7.6,ea0f2de75608546d45041d003ce412527a2f25c2,false,130.185.240.17
410,5.2.9,ea0f2de75608546d45041d003ce412527a2f25c2,false,213.85.180.87
411,0.9.4,ea0f2de75608546d45041d003ce412527a2f25c2,false,34.222.105.152
412,0.5.7,ea0f2de75608546d45041d003ce412527a2f25c2,true,90.172.112.91
413,6.13,ea0f2de75608546d45041d003ce412527a2f25c2,true,45.38.43.155
414,2.5,ea0f2de75608546d45041d003ce412527a2f25c2,true,233.41.180.154
415,7.0.2,ea0f2de75608546d45041d003ce412527a2f25c2,false,103.140.51.33
416,6.90,ea0f2de75608546d45041d003ce412527a2f25c2,true,186.117.47.28
417,1.9,ea0f2de75608546d45041d003ce412527a2f25c2,false,58.54.74.127
418,0.21,ea0f2de75608546d45041d003ce412527a2f25c2,false,205.249.5.52
419,4.94,ea0f2de75608546d45041d003ce412527a2f25c2,false,108.120.8.166
420,4.8.3,ea0f2de75608546d45041d003ce412527a2f25c2,true,167.10.181.184
421,0.1.8,ea0f2de75608546d45041d003ce412527a2f25c2,false,225.234.119.158
422,1.13,ea0f2de75608546d45041d003ce412527a2f25c2,true,247.0.96.175
423,0.28,ea0f2de75608546d45041d003ce412527a2f25c2,false,39.73.236.124
424,2.90,ea0f2de75608546d45041d003ce412527a2f25c2,false,57.251.155.185
425,2.5.1,ea0f2de75608546d45041d003ce412527a2f25c2,false,51.203.153.63
426,9.0.4,ea0f2de75608546d45041d003ce412527a2f25c2,false,180.197.225.208
427,3.4.6,ea0f2de75608546d45041d003ce412527a2f25c2,false,107.119.4.156
428,6.95,ea0f2de75608546d45041d003ce412527a2f25c2,false,36.234.153.58
429,0.6.3,ea0f2de75608546d45041d003ce412527a2f25c2,false,135.13.155.146
430,2.5,ea0f2de75608546d45041d003ce412527a2f25c2,false,114.176.207.248
431,7.0.2,ea0f2de75608546d45041d003ce412527a2f25c2,false,102.122.142.54
432,3.3,ea0f2de75608546d45041d003ce412527a2f25c2,false,73.104.120.150
433,5.89,ea0f2de75608546d45041d003ce412527a2f25c2,false,106.4.218.188
434,3.3.8,ea0f2de75608546d45041d003ce412527a2f25c2,false,129.174.116.77
435,0.3.0,ea0f2de75608546d45041d003ce412527a2f25c2,true,219.43.163.121
436,0.20,ea0f2de75608546d45041d003ce412527a2f25c2,false,221.128.89.189
437,0.92,ea0f2de75608546d45041d003ce412527a2f25c2,true,239.94.182.253
438,1.9.6,ea0f2de75608546d45041d003ce412527a2f25c2,true,229.75.82.19
439,7.2,ea0f2de75608546d45041d003ce412527a2f25c2,true,191.34.155.1
440,0.2.6,ea0f2de75608546d45041d003ce412527a2f25c2,true,114.75.83.22
441,0.6.6,ea0f2de75608546d45041d003ce412527a2f25c2,false,180.158.95.149
442,0.8.7,ea0f2de75608546d45041d003ce412527a2f25c2,true,8.239.77.145
443,2.1,ea0f2de75608546d45041d003ce412527a2f25c2,true,46.143.212.137
444,3.5.4,ea0f2de75608546d45041d003ce412527a2f25c2,true,239.137.157.133
445,0.2.0,ea0f2de75608546d45041d003ce412527a2f25c2,false,7.181.216.34
446,0.3.2,ea0f2de75608546d45041d003ce412527a2f25c2,false,254.91.157.194
447,0.3.3,ea0f2de75608546d45041d003ce412527a2f25c2,true,189.0.234.212
448,0.5.8,ea0f2de75608546d45041d003ce412527a2f25c2,false,14.39.116.198
449,0.10,ea0f2de75608546d45041d003ce412527a2f25c2,false,18.62.10.172
450,0.3.1,ea0f2de75608546d45041d003ce412527a2f25c2,true,51.3.46.136
451,7.94,ea0f2de75608546d45041d003ce412527a2f25c2,false,99.142.56.146
452,4.92,ea0f2de75608546d45041d003ce412527a2f25c2,false,128.70.248.87
453,0.52,ea0f2de75608546d45041d003ce412527a2f25c2,false,182.181.184.189
454,6.2,ea0f2de75608546d45041d003ce412527a2f25c2,true,141.71.184.10
455,6.1.7,ea0f2de75608546d45041d003ce412527a2f25c2,false,39.21.18.61
456,0.44,ea0f2de75608546d45041d003ce412527a2f25c2,false,145.55.9.5
457,6.8,ea0f2de75608546d45041d003ce412527a2f25c2,true,154.45.34.37
458,6.5.6,ea0f2de75608546d45041d003ce412527a2f25c2,false,157.16.182.82
459,7.3,ea0f2de75608546d45041d003ce412527a2f25c2,true,6.87.130.26
460,6.43,ea0f2de75608546d45041d003ce412527a2f25c2,true,54.185.54.56
461,4.1,ea0f2de75608546d45041d003ce412527a2f25c2,false,117.97.167.158
462,0.2.0,ea0f2de75608546d45041d003ce412527a2f25c2,false,83.146.190.21
463,7.8,ea0f2de75608546d45041d003ce412527a2f25c2,true,226.123.243.121
464,6.8.0,ea0f2de75608546d45041d003ce412527a2f25c2,true,189.131.94.85
465,6.48,ea0f2de75608546d45041d003ce412527a2f25c2,false,42.148.22.199
466,6.0,ea0f2de75608546d45041d003ce412527a2f25c2,false,146.140.175.121
467,9.7,ea0f2de75608546d45041d003ce412527a2f25c2,true,108.204.66.122
468,0.36,ea0f2de75608546d45041d003ce412527a2f25c2,true,170.127.123.119
469,0.9.4,ea0f2de75608546d45041d003ce412527a2f25c2,false,176.64.219.138
470,0.6.9,ea0f2de75608546d45041d003ce412527a2f25c2,false,232.23.172.8
471,8.42,ea0f2de75608546d45041d003ce412527a2f25c2,true,33.89.30.38
472,0.9.7,ea0f2de75608546d45041d003ce412527a2f25c2,false,21.88.173.135
473,5.3,ea0f2de75608546d45041d003ce412527a2f25c2,true,66.105.154.45
474,0.97,ea0f2de75608546d45041d003ce412527a2f25c2,true,139.42.86.0
475,0.72,ea0f2de75608546d45041d003ce412527a2f25c2,false,141.188.229.225
476,4.78,ea0f2de75608546d45041d003ce412527a2f25c2,false,231.20.220.199
477,0.28,ea0f2de75608546d45041d003ce412527a2f25c2,true,165.138.210.41
478,0.1.9,ea0f2de75608546d45041d003ce412527a2f25c2,false,48.7.109.110
479,0.20,ea0f2de75608546d45041d003ce412527a2f25c2,false,108.26.179.232
480,0.63,ea0f2de75608546d45041d003ce412527a2f25c2,true,177.119.46.107
481,4.8,ea0f2de75608546d45041d003ce412527a2f25c2,false,200.237.35.217
482,1.69,ea0f2de75608546d45041d003ce412527a2f25c2,false,120.184.219.31
483,0.61,ea0f2de75608546d45041d003ce412527a2f25c2,true,179.64.8.237
484,0.6.5,ea0f2de75608546d45041d003ce412527a2f25c2,false,28.125.107.31
485,0.23,ea0f2de75608546d45041d003ce412527a2f25c2,true,33.182.164.88
486,8.9.0,ea0f2de75608546d45041d003ce412527a2f25c2,true,202.167.115.247
487,0.71,ea0f2de75608546d45041d003ce412527a2f25c2,false,196.12.193.64
488,0.27,ea0f2de75608546d45041d003ce412527a2f25c2,false,203.14.168.195
489,0.8.8,ea0f2de75608546d45041d003ce412527a2f25c2,true,175.188.179.13
490,0.63,ea0f2de75608546d45041d003ce412527a2f25c2,false,60.91.237.14
491,0.3.1,ea0f2de75608546d45041d003ce412527a2f25c2,true,175.121.199.91
492,3.5.8,ea0f2de75608546d45041d003ce412527a2f25c2,true,37.254.181.241
493,0.60,ea0f2de75608546d45041d003ce412527a2f25c2,false,168.121.200.149
494,9.8,ea0f2de75608546d45041d003ce412527a2f25c2,false,40.8.234.145
495,4.9,ea0f2de75608546d45041d003ce412527a2f25c2,false,123.95.53.87
496,0.18,ea0f2de75608546d45041d003ce412527a2f25c2,false,52.4.114.251
497,7.04,ea0f2de75608546d45041d003ce412527a2f25c2,false,54.26.129.161
498,0.19,ea0f2de75608546d45041d003ce412527a2f25c2,false,141.226.188.63
499,7.9.1,ea0f2de75608546d45041d003ce412527a2f25c2,false,71.158.230.118
500,0.7.6,ea0f2de75608546d45041d003ce412527a2f25c2,false,206.214.152.17
501,0.76,ea0f2de75608546d45041d003ce412527a2f25c2,false,60.101.194.238
502,0.67,ea0f2de75608546d45041d003ce412527a2f25c2,true,228.180.77.121
503,0.7.0,ea0f2de75608546d45041d003ce412527a2f25c2,false,94.244.133.179
504,5.0.8,ea0f2de75608546d45041d003ce412527a2f25c2,false,20.57.1.230
505,0.97,ea0f2de75608546d45041d003ce412527a2f25c2,true,15.182.32.200
506,0.3.7,ea0f2de75608546d45041d003ce412527a2f25c2,true,57.186.194.46
507,3.4,ea0f2de75608546d45041d003ce412527a2f25c2,false,170.146.191.72
508,0.16,ea0f2de75608546d45041d003ce412527a2f25c2,true,229.128.171.184
509,0.17,ea0f2de75608546d45041d003ce412527a2f25c2,false,60.177.202.210
510,9.27,ea0f2de75608546d45041d003ce412527a2f25c2,false,240.29.134.115
511,7.7.0,ea0f2de75608546d45041d003ce412527a2f25c2,true,186.37.133.18
512,6.8.6,ea0f2de75608546d45041d003ce412527a2f25c2,true,191.190.122.224
513,0.5.8,ea0f2de75608546d45041d003ce412527a2f25c2,false,146.62.120.46
514,2.20,ea0f2de75608546d45041d003ce412527a2f25c2,true,41.214.179.198
515,3.36,ea0f2de75608546d45041d003ce412527a2f25c2,false,44.203.134.97
516,6.0,ea0f2de75608546d45041d003ce412527a2f25c2,false,163.132.63.198
517,0.1.2,ea0f2de75608546d45041d003ce412527a2f25c2,true,242.148.17.20
518,0.25,ea0f2de75608546d45041d003ce412527a2f25c2,true,122.153.245.28
519,1.27,ea0f2de75608546d45041d003ce412527a2f25c2,false,173.59.22.82
520,8.88,ea0f2de75608546d45041d003ce412527a2f25c2,false,26.107.218.69
521,0.86,ea0f2de75608546d45041d003ce412527a2f25c2,false,202.217.142.124
522,5.3.8,ea0f2de75608546d45041d003ce412527a2f25c2,false,221.111.159.210
523,0.68,ea0f2de75608546d45041d003ce412527a2f25c2,true,38.187.143.2
524,0.4.3,ea0f2de75608546d45041d003ce412527a2f25c2,true,44.51.176.244
525,5.44,ea0f2de75608546d45041d003ce412527a2f25c2,false,59.111.211.139
526,7.6,ea0f2de75608546d45041d003ce412527a2f25c2,true,170.162.129.89
527,9.6,ea0f2de75608546d45041d003ce412527a2f25c2,false,14.179.218.133
528,0.31,ea0f2de75608546d45041d003ce412527a2f25c2,false,221.163.217.209
529,5.34,ea0f2de75608546d45041d003ce412527a2f25c2,false,239.65.99.20
530,8.80,ea0f2de75608546d45041d003ce412527a2f25c2,true,227.126.104.197
531,0.9.8,ea0f2de75608546d45041d003ce412527a2f25c2,true,95.123.44.17
532,9.4.7,ea0f2de75608546d45041d003ce412527a2f25c2,false,161.165.173.122
533,2.86,ea0f2de75608546d45041d003ce412527a2f25c2,true,135.36.42.19
534,1.59,ea0f2de75608546d45041d003ce412527a2f25c2,false,161.90.230.231
535,1.14,ea0f2de75608546d45041d003ce412527a2f25c2,false,43.152.113.190
536,4.8.4,ea0f2de75608546d45041d003ce412527a2f25c2,true,44.247.75.162
537,3.6.6,ea0f2de75608546d45041d003ce412527a2f25c2,true,182.89.67.213
538,8.30,ea0f2de75608546d45041d003ce412527a2f25c2,false,86.163.92.58
539,4.9,ea0f2de75608546d45041d003ce412527a2f25c2,false,142.167.112.186
540,0.25,ea0f2de75608546d45041d003ce412527a2f25c2,false,181.163.86.26
541,6.32,ea0f2de75608546d45041d003ce412527a2f25c2,true,180.22.10.130
542,0.5.1,ea0f2de75608546d45041d003ce412527a2f25c2,true,98.125.6.47
543,6.20,ea0f2de75608546d45041d003ce412527a2f25c2,true,61.61.153.133
544,9.2,ea0f2de75608546d45041d003ce412527a2f25c2,true,186.37.255.208
545,4.3.4,ea0f2de75608546d45041d003ce412527a2f25c2,true,31.201.82.251
546,0.84,ea0f2de75608546d45041d003ce412527a2f25c2,false,145.169.140.71
547,3.72,ea0f2de75608546d45041d003ce412527a2f25c2,true,123.30.151.21
548,0.16,ea0f2de75608546d45041d003ce412527a2f25c2,false,238.96.136.215
549,0.40,ea0f2de75608546d45041d003ce412527a2f25c2,false,251.108.161.10
550,9.5.8,ea0f2de75608546d45041d003ce412527a2f25c2,false,84.227.77.43
551,1.7,ea0f2de75608546d45041d003ce412527a2f25c2,false,187.198.63.214
552,0.4.6,ea0f2de75608546d45041d003ce412527a2f25c2,true,151.80.216.120
553,0.9.9,ea0f2de75608546d45041d003ce412527a2f25c2,true,187.86.137.237
554,0.5.8,ea0f2de75608546d45041d003ce412527a2f25c2,false,186.241.234.131
555,8.73,ea0f2de75608546d45041d003ce412527a2f25c2,false,33.151.24.92
556,0.18,ea0f2de75608546d45041d003ce412527a2f25c2,true,56.153.16.106
557,7.04,ea0f2de75608546d45041d003ce412527a2f25c2,false,72.51.5.55
558,0.18,ea0f2de75608546d45041d003ce412527a2f25c2,true,138.154.207.58
559,0.1.2,ea0f2de75608546d45041d003ce412527a2f25c2,false,58.16.24.95
560,0.40,ea0f2de75608546d45041d003ce412527a2f25c2,false,78.49.180.122
561,9.2.0,ea0f2de75608546d45041d003ce412527a2f25c2,false,171.207.32.28
562,7.6,ea0f2de75608546d45041d003ce412527a2f25c2,false,43.122.240.240
563,0.30,ea0f2de75608546d45041d003ce412527a2f25c2,true,167.175.242.237
564,3.52,ea0f2de75608546d45041d003ce412527a2f25c2,true,135.139.85.19
565,7.7.5,ea0f2de75608546d45041d003ce412527a2f25c2,true,85.139.232.229
566,3.0.9,ea0f2de75608546d45041d003ce412527a2f25c2,true,161.227.22.19
567,0.90,ea0f2de75608546d45041d003ce412527a2f25c2,false,205.49.110.121
568,0.31,ea0f2de75608546d45041d003ce412527a2f25c2,true,64.56.213.24
569,7.3.2,ea0f2de75608546d45041d003ce412527a2f25c2,true,68.229.217.146
570,2.8.0,ea0f2de75608546d45041d003ce412527a2f25c2,true,185.130.77.72
571,3.39,ea0f2de75608546d45041d003ce412527a2f25c2,false,4.23.120.134
572,6.78,ea0f2de75608546d45041d003ce412527a2f25c2,true,61.187.31.77
573,0.4.7,ea0f2de75608546d45041d003ce412527a2f25c2,true,5.133.204.189
574,2.18,ea0f2de75608546d45041d003ce412527a2f25c2,true,132.106.2.123
575,8.19,ea0f2de75608546d45041d003ce412527a2f25c2,false,132.239.112.42
576,2.6.8,ea0f2de75608546d45041d003ce412527a2f25c2,true,87.112.42.164
577,7.68,ea0f2de75608546d45041d003ce412527a2f25c2,true,202.60.48.117
578,7.8.2,ea0f2de75608546d45041d003ce412527a2f25c2,false,14.172.208.169
579,0.6.4,ea0f2de75608546d45041d003ce412527a2f25c2,false,208.234.142.104
580,0.8.9,ea0f2de75608546d45041d003ce412527a2f25c2,true,25.53.91.115
581,5.06,ea0f2de75608546d45041d003ce412527a2f25c2,true,182.63.243.206
582,3.6.5,ea0f2de75608546d45041d003ce412527a2f25c2,false,224.96.5.48
583,5.4.9,ea0f2de75608546d45041d003ce412527a2f25c2,true,1.23.222.231
584,0.1.2,ea0f2de75608546d45041d003ce412527a2f25c2,true,255.239.55.135
585,3.61,ea0f2de75608546d45041d003ce412527a2f25c2,false,48.134.78.12
586,4.0,ea0f2de75608546d45041d003ce412527a2f25c2,false,183.131.33.190
587,0.4.3,ea0f2de75608546d45041d003ce412527a2f25c2,true,38.17.181.234
588,0.4.9,ea0f2de75608546d45041d003ce412527a2f25c2,false,134.170.113.72
589,5.2,ea0f2de75608546d45041d003ce412527a2f25c2,true,213.15.165.201
590,5.10,ea0f2de75608546d45041d003ce412527a2f25c2,false,21.187.160.11
591,0.58,ea0f2de75608546d45041d003ce412527a2f25c2,false,205.22.248.47
592,9.8,ea0f2de75608546d45041d003ce412527a2f25c2,false,18.180.247.191
593,3.8,ea0f2de75608546d45041d003ce412527a2f25c2,false,226.211.130.46
594,8.0.8,ea0f2de75608546d45041d003ce412527a2f25c2,true,124.173.117.14
595,0.7.7,ea0f2de75608546d45041d003ce412527a2f25c2,true,106.201.172.99
596,2.63,ea0f2de75608546d45041d003ce412527a2f25c2,false,74.248.117.163
597,2.22,ea0f2de75608546d45041d003ce412527a2f25c2,false,167.14.126.144
598,2.9.5,ea0f2de75608546d45041d003ce412527a2f25c2,false,61.98.14.24
599,5.90,ea0f2de75608546d45041d003ce412527a2f25c2,false,253.46.4.117
600,0.5.9,ea0f2de75608546d45041d003ce412527a2f25c2,true,139.179.84.104
601,1.9,ea0f2de75608546d45041d003ce412527a2f25c2,true,195.220.209.56
602,4.92,ea0f2de75608546d45041d003ce412527a2f25c2,false,119.246.107.206
603,4.5.4,ea0f2de75608546d45041d003ce412527a2f25c2,true,103.59.99.40
604,0.4.2,ea0f2de75608546d45041d003ce412527a2f25c2,false,139.52.96.196
605,6.0,ea0f2de75608546d45041d003ce412527a2f25c2,true,255.137.69.158
606,0.3.3,ea0f2de75608546d45041d003ce412527a2f25c2,false,125.34.145.102
607,7.5.9,ea0f2de75608546d45041d003ce412527a2f25c2,true,6.108.175.228
608,5.3.4,ea0f2de75608546d45041d003ce412527a2f25c2,false,164.196.166.50
609,0.7.0,ea0f2de75608546d45041d003ce412527a2f25c2,true,215.229.2.164
610,3.6,ea0f2de75608546d45041d003ce412527a2f25c2,true,30.101.193.14
611,2.3,ea0f2de75608546d45041d003ce412527a2f25c2,true,192.130.88.216
612,8.9,ea0f2de75608546d45041d003ce412527a2f25c2,false,203.78.91.148
613,1.7,ea0f2de75608546d45041d003ce412527a2f25c2,false,122.47.2.125
614,0.8.4,ea0f2de75608546d45041d003ce412527a2f25c2,true,34.68.2.236
615,0.67,ea0f2de75608546d45041d003ce412527a2f25c2,false,26.200.9.41
616,0.58,ea0f2de75608546d45041d003ce412527a2f25c2,false,234.219.251.16
617,0.47,ea0f2de75608546d45041d003ce412527a2f25c2,true,81.122.205.247
618,0.14,ea0f2de75608546d45041d003ce412527a2f25c2,false,88.146.86.19
619,6.0.0,ea0f2de75608546d45041d003ce412527a2f25c2,false,144.151.47.83
620,4.8.9,ea0f2de75608546d45041d003ce412527a2f25c2,true,50.221.195.4
621,7.3,ea0f2de75608546d45041d003ce412527a2f25c2,true,46.228.19.175
622,6.52,ea0f2de75608546d45041d003ce412527a2f25c2,true,82.24.249.209
623,0.2.1,ea0f2de75608546d45041d003ce412527a2f25c2,false,131.243.164.39
624,1.43,ea0f2de75608546d45041d003ce412527a2f25c2,false,86.162.146.121
625,6.6,ea0f2de75608546d45041d003ce412527a2f25c2,true,224.100.2.173
626,0.4.5,ea0f2de75608546d45041d003ce412527a2f25c2,true,216.226.41.102
627,7.4.5,ea0f2de75608546d45041d003ce412527a2f25c2,true,204.106.69.214
628,5.6,ea0f2de75608546d45041d003ce412527a2f25c2,true,5.97.53.76
629,5.1,ea0f2de75608546d45041d003ce412527a2f25c2,true,198.6.26.164
630,7.0.7,ea0f2de75608546d45041d003ce412527a2f25c2,true,95.154.155.231
631,0.9.7,ea0f2de75608546d45041d003ce412527a2f25c2,true,71.166.50.49
632,0.11,ea0f2de75608546d45041d003ce412527a2f25c2,true,152.76.77.122
633,0.61,ea0f2de75608546d45041d003ce412527a2f25c2,false,133.174.212.214
634,6.2,ea0f2de75608546d45041d003ce412527a2f25c2,false,65.216.155.80
635,4.34,ea0f2de75608546d45041d003ce412527a2f25c2,false,140.62.10.166
636,0.18,ea0f2de75608546d45041d003ce412527a2f25c2,false,116.0.98.72
637,0.6.6,ea0f2de75608546d45041d003ce412527a2f25c2,false,139.179.195.224
638,6.31,ea0f2de75608546d45041d003ce412527a2f25c2,true,39.230.146.5
639,0.9.5,ea0f2de75608546d45041d003ce412527a2f25c2,true,18.93.18.145
640,0.32,ea0f2de75608546d45041d003ce412527a2f25c2,false,55.13.247.220
641,0.9.0,ea0f2de75608546d45041d003ce412527a2f25c2,true,206.128.150.122
642,0.3.9,ea0f2de75608546d45041d003ce412527a2f25c2,false,208.86.55.131
643,0.5.7,ea0f2de75608546d45041d003ce412527a2f25c2,false,135.161.71.28
644,3.7.2,ea0f2de75608546d45041d003ce412527a2f25c2,false,208.189.201.41
645,0.7.2,ea0f2de75608546d45041d003ce412527a2f25c2,true,226.158.123.6
646,0.53,ea0f2de75608546d45041d003ce412527a2f25c2,true,224.171.24.4
647,3.9,ea0f2de75608546d45041d003ce412527a2f25c2,true,158.89.201.185
648,4.98,ea0f2de75608546d45041d003ce412527a2f25c2,true,120.104.211.104
649,2.8.4,ea0f2de75608546d45041d003ce412527a2f25c2,true,105.102.189.21
650,0.7.6,ea0f2de75608546d45041d003ce412527a2f25c2,true,204.34.56.7
651,0.87,ea0f2de75608546d45041d003ce412527a2f25c2,false,34.46.85.255
652,0.62,ea0f2de75608546d45041d003ce412527a2f25c2,true,182.72.143.246
653,9.3,ea0f2de75608546d45041d003ce412527a2f25c2,true,39.121.14.28
654,3.36,ea0f2de75608546d45041d003ce412527a2f25c2,false,244.87.118.210
655,0.36,ea0f2de75608546d45041d003ce412527a2f25c2,true,103.46.7.153
656,7.56,ea0f2de75608546d45041d003ce412527a2f25c2,false,103.225.49.17
657,0.6.7,ea0f2de75608546d45041d003ce412527a2f25c2,true,0.95.133.73
658,6.76,ea0f2de75608546d45041d003ce412527a2f25c2,false,104.231.112.233
659,0.9.9,ea0f2de75608546d45041d003ce412527a2f25c2,true,150.64.226.94
660,2.0,ea0f2de75608546d45041d003ce412527a2f25c2,false,214.211.101.238
661,5.2,ea0f2de75608546d45041d003ce412527a2f25c2,true,9.129.119.115
662,8.9,ea0f2de75608546d45041d003ce412527a2f25c2,true,102.236.9.29
663,0.1.2,ea0f2de75608546d45041d003ce412527a2f25c2,false,84.61.135.33
664,8.7.4,ea0f2de75608546d45041d003ce412527a2f25c2,false,227.209.32.13
665,4.0,ea0f2de75608546d45041d003ce412527a2f25c2,false,51.47.8.180
666,6.2.5,ea0f2de75608546d45041d003ce412527a2f25c2,true,131.165.17.32
667,5.5,ea0f2de75608546d45041d003ce412527a2f25c2,true,108.24.155.38
668,7.05,ea0f2de75608546d45041d003ce412527a2f25c2,false,136.95.186.83
669,0.84,ea0f2de75608546d45041d003ce412527a2f25c2,true,168.124.10.234
670,4.1,ea0f2de75608546d45041d003ce412527a2f25c2,true,148.46.191.70
671,3.1.7,ea0f2de75608546d45041d003ce412527a2f25c2,false,9.152.187.38
672,0.78,ea0f2de75608546d45041d003ce412527a2f25c2,false,87.22.113.101
673,5.0.6,ea0f2de75608546d45041d003ce412527a2f25c2,true,213.134.168.34
674,6.90,ea0f2de75608546d45041d003ce412527a2f25c2,false,46.64.104.238
675,2.5.1,ea0f2de75608546d45041d003ce412527a2f25c2,true,138.59.77.147
676,0.6.8,ea0f2de75608546d45041d003ce412527a2f25c2,false,55.18.241.177
677,8.07,ea0f2de75608546d45041d003ce412527a2f25c2,false,9.132.76.150
678,9.0,ea0f2de75608546d45041d003ce412527a2f25c2,true,162.252.254.39
679,0.5.7,ea0f2de75608546d45041d003ce412527a2f25c2,true,135.97.207.168
680,0.22,ea0f2de75608546d45041d003ce412527a2f25c2,true,231.236.104.133
681,1.12,ea0f2de75608546d45041d003ce412527a2f25c2,false,173.38.210.188
682,7.83,ea0f2de75608546d45041d003ce412527a2f25c2,true,117.219.236.131
683,1.79,ea0f2de75608546d45041d003ce412527a2f25c2,true,70.46.138.80
684,6.8,ea0f2de75608546d45041d003ce412527a2f25c2,false,105.36.84.112
685,6.0,ea0f2de75608546d45041d003ce412527a2f25c2,false,146.93.146.81
686,5.6.5,ea0f2de75608546d45041d003ce412527a2f25c2,false,44.106.175.221
687,7.6.8,ea0f2de75608546d45041d003ce412527a2f25c2,true,141.39.173.38
688,0.81,ea0f2de75608546d45041d003ce412527a2f25c2,true,7.75.118.100
689,0.27,ea0f2de75608546d45041d003ce412527a2f25c2,false,208.193.34.90
690,8.74,ea0f2de75608546d45041d003ce412527a2f25c2,false,127.93.39.68
691,3.1,ea0f2de75608546d45041d003ce412527a2f25c2,true,120.153.190.172
692,0.36,ea0f2de75608546d45041d003ce412527a2f25c2,false,179.250.173.193
693,0.76,ea0f2de75608546d45041d003ce412527a2f25c2,false,251.89.130.1
694,4.3.8,ea0f2de75608546d45041d003ce412527a2f25c2,true,254.48.205.39
695,7.4,ea0f2de75608546d45041d003ce412527a2f25c2,true,41.29.90.124
696,3.2.9,ea0f2de75608546d45041d003ce412527a2f25c2,true,168.109.148.134
697,0.2.3,ea0f2de75608546d45041d003ce412527a2f25c2,false,173.72.145.46
698,1.46,ea0f2de75608546d45041d003ce412527a2f25c2,false,238.151.199.150
699,3.3.1,ea0f2de75608546d45041d003ce412527a2f25c2,false,49.57.70.122
700,8.8.9,ea0f2de75608546d45041d003ce412527a2f25c2,false,224.169.92.226
701,0.2.1,ea0f2de75608546d45041d003ce412527a2f25c2,false,56.135.19.135
702,9.10,ea0f2de75608546d45041d003ce412527a2f25c2,false,24.76.210.84
703,3.37,ea0f2de75608546d45041d003ce412527a2f25c2,true,38.237.212.24
704,8.52,ea0f2de75608546d45041d003ce412527a2f25c2,false,220.204.83.251
705,0.65,ea0f2de75608546d45041d003ce412527a2f25c2,false,187.172.132.95
706,7.6.3,ea0f2de75608546d45041d003ce412527a2f25c2,true,253.53.36.69
707,0.3.0,ea0f2de75608546d45041d003ce412527a2f25c2,true,218.247.255.248
708,0.2.8,ea0f2de75608546d45041d003ce412527a2f25c2,true,95.172.22.250
709,5.62,ea0f2de75608546d45041d003ce412527a2f25c2,true,10.95.90.181
710,0.73,ea0f2de75608546d45041d003ce412527a2f25c2,true,254.149.126.144
711,4.9,ea0f2de75608546d45041d003ce412527a2f25c2,false,170.244.170.190
712,0.46,ea0f2de75608546d45041d003ce412527a2f25c2,true,85.97.14.46
713,4.04,ea0f2de75608546d45041d003ce412527a2f25c2,true,228.35.181.209
714,9.1,ea0f2de75608546d45041d003ce412527a2f25c2,true,121.74.108.157
715,0.3.1,ea0f2de75608546d45041d003ce412527a2f25c2,true,13.192.140.116
716,0.81,ea0f2de75608546d45041d003ce412527a2f25c2,true,34.169.89.141
717,2.73,ea0f2de75608546d45041d003ce412527a2f25c2,false,170.13.107.205
718,6.25,ea0f2de75608546d45041d003ce412527a2f25c2,false,186.70.49.15
719,0.1.1,ea0f2de75608546d45041d003ce412527a2f25c2,true,247.129.108.94
720,0.3.7,ea0f2de75608546d45041d003ce412527a2f25c2,true,53.71.67.18
721,0.9.6,ea0f2de75608546d45041d003ce412527a2f25c2,false,150.49.182.98
722,2.1,ea0f2de75608546d45041d003ce412527a2f25c2,false,146.77.218.159
723,4.4.7,ea0f2de75608546d45041d003ce412527a2f25c2,false,199.3.241.198
724,0.90,ea0f2de75608546d45041d003ce412527a2f25c2,false,239.168.123.198
725,8.4.3,ea0f2de75608546d45041d003ce412527a2f25c2,true,220.84.242.56
726,0.5.0,ea0f2de75608546d45041d003ce412527a2f25c2,true,211.28.173.145
727,6.4.4,ea0f2de75608546d45041d003ce412527a2f25c2,true,186.142.192.227
728,0.60,ea0f2de75608546d45041d003ce412527a2f25c2,false,210.81.152.76
729,7.2.0,ea0f2de75608546d45041d003ce412527a2f25c2,true,59.230.205.65
730,6.5,ea0f2de75608546d45041d003ce412527a2f25c2,false,4.109.245.142
731,9.01,ea0f2de75608546d45041d003ce412527a2f25c2,false,68.246.219.16
732,0.6.9,ea0f2de75608546d45041d003ce412527a2f25c2,false,178.41.70.6
733,0.9.8,ea0f2de75608546d45041d003ce412527a2f25c2,true,137.103.35.102
734,8.1,ea0f2de75608546d45041d003ce412527a2f25c2,true,239.141.229.107
735,6.24,ea0f2de75608546d45041d003ce412527a2f25c2,true,204.194.74.227
736,0.66,ea0f2de75608546d45041d003ce412527a2f25c2,true,170.37.60.73
737,0.3.5,ea0f2de75608546d45041d003ce412527a2f25c2,false,134.168.33.127
738,8.0,ea0f2de75608546d45041d003ce412527a2f25c2,true,56.207.231.106
739,3.21,ea0f2de75608546d45041d003ce412527a2f25c2,true,165.35.27.74
740,0.94,ea0f2de75608546d45041d003ce412527a2f25c2,true,123.221.120.38
741,3.0,ea0f2de75608546d45041d003ce412527a2f25c2,true,122.78.250.203
742,6.1.6,ea0f2de75608546d45041d003ce412527a2f25c2,true,129.162.254.80
743,5.3.7,ea0f2de75608546d45041d003ce412527a2f25c2,false,24.52.207.69
744,7.27,ea0f2de75608546d45041d003ce412527a2f25c2,true,23.49.82.198
745,6.1.7,ea0f2de75608546d45041d003ce412527a2f25c2,true,207.170.185.172
746,8.2.5,ea0f2de75608546d45041d003ce412527a2f25c2,true,51.104.53.162
747,0.8.6,ea0f2de75608546d45041d003ce412527a2f25c2,false,246.170.221.247
748,9.1,ea0f2de75608546d45041d003ce412527a2f25c2,true,161.3.107.81
749,2.3.8,ea0f2de75608546d45041d003ce412527a2f25c2,true,235.219.0.197
750,8.2.4,ea0f2de75608546d45041d003ce412527a2f25c2,false,18.203.162.31
751,7.8,ea0f2de75608546d45041d003ce412527a2f25c2,false,128.101.225.47
752,4.5,ea0f2de75608546d45041d003ce412527a2f25c2,true,44.106.225.162
753,0.21,ea0f2de75608546d45041d003ce412527a2f25c2,false,220.27.53.158
754,0.40,ea0f2de75608546d45041d003ce412527a2f25c2,false,89.20.32.179
755,4.1.7,ea0f2de75608546d45041d003ce412527a2f25c2,true,25.95.36.132
756,0.88,ea0f2de75608546d45041d003ce412527a2f25c2,false,242.156.159.227
757,1.07,ea0f2de75608546d45041d003ce412527a2f25c2,false,252.236.239.152
758,0.86,ea0f2de75608546d45041d003ce412527a2f25c2,true,56.6.55.89
759,3.51,ea0f2de75608546d45041d003ce412527a2f25c2,true,192.55.202.49
760,5.94,ea0f2de75608546d45041d003ce412527a2f25c2,true,177.20.224.139
761,3.58,ea0f2de75608546d45041d003ce412527a2f25c2,false,215.28.63.249
762,3.8.9,ea0f2de75608546d45041d003ce412527a2f25c2,true,140.108.64.93
763,9.44,ea0f2de75608546d45041d003ce412527a2f25c2,false,237.76.217.34
764,5.9.5,ea0f2de75608546d45041d003ce412527a2f25c2,false,193.4.56.138
765,7.71,ea0f2de75608546d45041d003ce412527a2f25c2,true,164.145.255.100
766,5.3.3,ea0f2de75608546d45041d003ce412527a2f25c2,false,161.102.122.55
767,9.2,ea0f2de75608546d45041d003ce412527a2f25c2,true,19.249.135.146
768,0.7.4,ea0f2de75608546d45041d003ce412527a2f25c2,false,53.167.92.168
769,8.7,ea0f2de75608546d45041d003ce412527a2f25c2,true,213.175.160.33
770,4.02,ea0f2de75608546d45041d003ce412527a2f25c2,true,75.248.5.151
771,2.6,ea0f2de75608546d45041d003ce412527a2f25c2,true,222.83.10.133
772,3.1.6,ea0f2de75608546d45041d003ce412527a2f25c2,true,219.161.194.36
773,0.3.7,ea0f2de75608546d45041d003ce412527a2f25c2,false,179.251.241.211
774,0.17,ea0f2de75608546d45041d003ce412527a2f25c2,false,100.248.193.74
775,0.75,ea0f2de75608546d45041d003ce412527a2f25c2,false,76.149.215.229
776,7.5,ea0f2de75608546d45041d003ce412527a2f25c2,false,192.224.180.90
777,0.4.4,ea0f2de75608546d45041d003ce412527a2f25c2,true,48.2.102.144
778,2.92,ea0f2de75608546d45041d003ce412527a2f25c2,false,108.238.155.148
779,9.9.7,ea0f2de75608546d45041d003ce412527a2f25c2,true,232.140.189.98
780,0.75,ea0f2de75608546d45041d003ce412527a2f25c2,false,143.200.3.200
781,5.92,ea0f2de75608546d45041d003ce412527a2f25c2,false,248.43.143.105
782,2.47,ea0f2de75608546d45041d003ce412527a2f25c2,true,181.212.220.156
783,0.2.3,ea0f2de75608546d45041d003ce412527a2f25c2,true,254.119.22.103
784,9.2,ea0f2de75608546d45041d003ce412527a2f25c2,true,101.250.251.235
785,5.73,ea0f2de75608546d45041d003ce412527a2f25c2,false,219.132.53.186
786,0.26,ea0f2de75608546d45041d003ce412527a2f25c2,true,98.199.163.148
787,1.5.0,ea0f2de75608546d45041d003ce412527a2f25c2,true,8.105.123.2
788,0.8.0,ea0f2de75608546d45041d003ce412527a2f25c2,false,208.194.30.251
789,0.9.9,ea0f2de75608546d45041d003ce412527a2f25c2,true,76.181.19.98
790,5.2,ea0f2de75608546d45041d003ce412527a2f25c2,true,49.193.6.160
791,0.77,ea0f2de75608546d45041d003ce412527a2f25c2,true,213.189.252.37
792,0.62,ea0f2de75608546d45041d003ce412527a2f25c2,true,188.92.97.9
793,0.72,ea0f2de75608546d45041d003ce412527a2f25c2,true,171.112.155.46
794,0.1.0,ea0f2de75608546d45041d003ce412527a2f25c2,false,177.71.224.211
795,3.3.6,ea0f2de75608546d45041d003ce412527a2f25c2,true,208.33.227.199
796,0.76,ea0f2de75608546d45041d003ce412527a2f25c2,true,133.169.227.125
797,8.6.2,ea0f2de75608546d45041d003ce412527a2f25c2,false,70.168.103.21
798,0.4.4,ea0f2de75608546d45041d003ce412527a2f25c2,true,29.127.54.134
799,0.57,ea0f2de75608546d45041d003ce412527a2f25c2,false,121.150.69.198
800,0.4.6,ea0f2de75608546d45041d003ce412527a2f25c2,false,254.67.2.134
801,0.2.2,ea0f2de75608546d45041d003ce412527a2f25c2,true,185.87.16.8
802,9.3.5,ea0f2de75608546d45041d003ce412527a2f25c2,true,162.65.82.234
803,7.2.4,ea0f2de75608546d45041d003ce412527a2f25c2,true,160.26.188.57
804,0.72,ea0f2de75608546d45041d003ce412527a2f25c2,false,23.158.1.211
805,3.67,ea0f2de75608546d45041d003ce412527a2f25c2,false,140.97.69.20
806,6.9.4,ea0f2de75608546d45041d003ce412527a2f25c2,true,151.245.101.173
807,0.66,ea0f2de75608546d45041d003ce412527a2f25c2,false,53.119.31.4
808,8.1.1,ea0f2de75608546d45041d003ce412527a2f25c2,false,24.151.230.18
809,4.5,ea0f2de75608546d45041d003ce412527a2f25c2,false,219.70.106.117
810,7.4,ea0f2de75608546d45041d003ce412527a2f25c2,false,158.157.22.29
811,0.6.6,ea0f2de75608546d45041d003ce412527a2f25c2,true,178.154.151.159
812,5.51,ea0f2de75608546d45041d003ce412527a2f25c2,true,52.85.193.250
813,0.47,ea0f2de75608546d45041d003ce412527a2f25c2,true,70.170.9.20
814,7.1.0,ea0f2de75608546d45041d003ce412527a2f25c2,false,196.79.59.216
815,0.5.8,ea0f2de75608546d45041d003ce412527a2f25c2,true,160.208.90.159
816,2.80,ea0f2de75608546d45041d003ce412527a2f25c2,false,210.246.220.78
817,4.6,ea0f2de75608546d45041d003ce412527a2f25c2,true,60.15.165.45
818,0.51,ea0f2de75608546d45041d003ce412527a2f25c2,false,3.162.194.155
819,4.2,ea0f2de75608546d45041d003ce412527a2f25c2,true,15.242.245.14
820,0.2.3,ea0f2de75608546d45041d003ce412527a2f25c2,true,171.149.93.231
821,9.1,ea0f2de75608546d45041d003ce412527a2f25c2,true,53.20.240.44
822,9.2,ea0f2de75608546d45041d003ce412527a2f25c2,false,247.98.176.79
823,1.30,ea0f2de75608546d45041d003ce412527a2f25c2,false,97.58.113.155
824,4.2.6,ea0f2de75608546d45041d003ce412527a2f25c2,true,91.98.58.121
825,5.37,ea0f2de75608546d45041d003ce412527a2f25c2,true,170.66.235.143
826,5.82,ea0f2de75608546d45041d003ce412527a2f25c2,true,18.11.94.100
827,1.85,ea0f2de75608546d45041d003ce412527a2f25c2,true,151.183.20.74
828,0.24,ea0f2de75608546d45041d003ce412527a2f25c2,false,71.39.124.205
829,0.9.9,ea0f2de75608546d45041d003ce412527a2f25c2,false,169.128.152.71
830,0.40,ea0f2de75608546d45041d003ce412527a2f25c2,true,157.1.137.93
831,4.2,ea0f2de75608546d45041d003ce412527a2f25c2,false,134.207.157.156
832,0.40,ea0f2de75608546d45041d003ce412527a2f25c2,true,76.206.12.53
833,2.8.1,ea0f2de75608546d45041d003ce412527a2f25c2,true,105.232.94.57
834,3.0.4,ea0f2de75608546d45041d003ce412527a2f25c2,true,79.107.253.103
835,8.0,ea0f2de75608546d45041d003ce412527a2f25c2,false,205.20.14.238
836,0.49,ea0f2de75608546d45041d003ce412527a2f25c2,true,154.20.37.44
837,5.4,ea0f2de75608546d45041d003ce412527a2f25c2,true,180.189.80.147
838,2.5,ea0f2de75608546d45041d003ce412527a2f25c2,true,203.246.192.38
839,0.9.1,ea0f2de75608546d45041d003ce412527a2f25c2,true,238.198.95.139
840,0.4.2,ea0f2de75608546d45041d003ce412527a2f25c2,false,210.245.44.199
841,0.52,ea0f2de75608546d45041d003ce412527a2f25c2,true,223.105.70.32
842,8.3.0,ea0f2de75608546d45041d003ce412527a2f25c2,true,91.130.90.195
843,0.4.6,ea0f2de75608546d45041d003ce412527a2f25c2,true,141.185.90.165
844,7.8,ea0f2de75608546d45041d003ce412527a2f25c2,false,187.155.14.186
845,6.7.3,ea0f2de75608546d45041d003ce412527a2f25c2,true,18.41.64.166
846,0.7.7,ea0f2de75608546d45041d003ce412527a2f25c2,false,242.198.147.0
847,2.7.6,ea0f2de75608546d45041d003ce412527a2f25c2,false,196.1.169.131
848,4.5.9,ea0f2de75608546d45041d003ce412527a2f25c2,false,101.92.189.20
849,6.31,ea0f2de75608546d45041d003ce412527a2f25c2,true,199.49.185.180
850,4.3.3,ea0f2de75608546d45041d003ce412527a2f25c2,false,182.79.79.97
851,6.0.7,ea0f2de75608546d45041d003ce412527a2f25c2,false,157.73.137.60
852,0.41,ea0f2de75608546d45041d003ce412527a2f25c2,true,50.9.141.129
853,1.1,ea0f2de75608546d45041d003ce412527a2f25c2,true,237.41.163.60
854,3.18,ea0f2de75608546d45041d003ce412527a2f25c2,false,119.80.38.152
855,3.09,ea0f2de75608546d45041d003ce412527a2f25c2,false,149.173.117.161
856,3.33,ea0f2de75608546d45041d003ce412527a2f25c2,true,21.90.153.161
857,0.39,ea0f2de75608546d45041d003ce412527a2f25c2,true,198.235.215.242
858,0.20,ea0f2de75608546d45041d003ce412527a2f25c2,true,180.238.184.175
859,0.6.8,ea0f2de75608546d45041d003ce412527a2f25c2,true,114.103.112.18
860,9.7.6,ea0f2de75608546d45041d003ce412527a2f25c2,true,99.193.100.123
861,0.5.8,ea0f2de75608546d45041d003ce412527a2f25c2,false,27.83.236.94
862,3.5.8,ea0f2de75608546d45041d003ce412527a2f25c2,false,229.156.21.249
863,7.03,ea0f2de75608546d45041d003ce412527a2f25c2,true,53.115.39.28
864,3.6,ea0f2de75608546d45041d003ce412527a2f25c2,true,170.168.12.198
865,6.0,ea0f2de75608546d45041d003ce412527a2f25c2,true,241.226.223.68
866,2.13,ea0f2de75608546d45041d003ce412527a2f25c2,true,31.21.244.50
867,9.4.9,ea0f2de75608546d45041d003ce412527a2f25c2,false,242.124.211.52
868,6.0.9,ea0f2de75608546d45041d003ce412527a2f25c2,false,250.137.239.78
869,1.71,ea0f2de75608546d45041d003ce412527a2f25c2,true,131.194.116.216
870,6.6.2,ea0f2de75608546d45041d003ce412527a2f25c2,true,108.142.14.20
871,6.1,ea0f2de75608546d45041d003ce412527a2f25c2,true,47.9.30.231
872,9.91,ea0f2de75608546d45041d003ce412527a2f25c2,false,134.82.84.42
873,1.8.8,ea0f2de75608546d45041d003ce412527a2f25c2,false,144.240.1.7
874,0.9.9,ea0f2de75608546d45041d003ce412527a2f25c2,true,7.210.189.120
875,0.9.7,ea0f2de75608546d45041d003ce412527a2f25c2,true,19.107.146.215
876,6.9.7,ea0f2de75608546d45041d003ce412527a2f25c2,false,41.159.66.156
877,3.3.4,ea0f2de75608546d45041d003ce412527a2f25c2,true,249.178.189.193
878,0.6.6,ea0f2de75608546d45041d003ce412527a2f25c2,false,94.238.48.62
879,8.89,ea0f2de75608546d45041d003ce412527a2f25c2,false,31.134.246.133
880,0.65,ea0f2de75608546d45041d003ce412527a2f25c2,true,138.36.177.191
881,0.3.4,ea0f2de75608546d45041d003ce412527a2f25c2,false,194.170.239.15
882,9.4,ea0f2de75608546d45041d003ce412527a2f25c2,false,144.1.237.194
883,8.3.7,ea0f2de75608546d45041d003ce412527a2f25c2,false,216.156.147.106
884,9.6.9,ea0f2de75608546d45041d003ce412527a2f25c2,true,92.112.227.32
885,8.01,ea0f2de75608546d45041d003ce412527a2f25c2,true,104.190.244.10
886,4.7.7,ea0f2de75608546d45041d003ce412527a2f25c2,false,121.242.222.39
887,7.26,ea0f2de75608546d45041d003ce412527a2f25c2,true,58.90.191.33
888,0.86,ea0f2de75608546d45041d003ce412527a2f25c2,true,197.199.207.100
889,4.67,ea0f2de75608546d45041d003ce412527a2f25c2,false,219.136.105.179
890,5.2.4,ea0f2de75608546d45041d003ce412527a2f25c2,false,190.171.42.64
891,0.37,ea0f2de75608546d45041d003ce412527a2f25c2,true,179.123.69.6
892,0.92,ea0f2de75608546d45041d003ce412527a2f25c2,true,107.77.107.12
893,2.4.4,ea0f2de75608546d45041d003ce412527a2f25c2,false,170.54.45.7
894,7.1,ea0f2de75608546d45041d003ce412527a2f25c2,true,119.33.75.15
895,0.76,ea0f2de75608546d45041d003ce412527a2f25c2,true,175.5.107.147
896,0.2.2,ea0f2de75608546d45041d003ce412527a2f25c2,false,240.114.215.107
897,0.8.6,ea0f2de75608546d45041d003ce412527a2f25c2,false,150.216.251.142
898,5.2,ea0f2de75608546d45041d003ce412527a2f25c2,false,72.33.36.185
899,6.6,ea0f2de75608546d45041d003ce412527a2f25c2,true,140.7.100.4
900,0.8.4,ea0f2de75608546d45041d003ce412527a2f25c2,false,98.240.65.13
901,6.0.6,ea0f2de75608546d45041d003ce412527a2f25c2,true,59.255.54.40
902,1.15,ea0f2de75608546d45041d003ce412527a2f25c2,false,132.207.159.215
903,0.51,ea0f2de75608546d45041d003ce412527a2f25c2,false,57.221.16.119
904,3.48,ea0f2de75608546d45041d003ce412527a2f25c2,false,36.21.249.33
905,0.50,ea0f2de75608546d45041d003ce412527a2f25c2,true,205.73.84.107
906,3.3.8,ea0f2de75608546d45041d003ce412527a2f25c2,true,13.220.102.162
907,0.2.9,ea0f2de75608546d45041d003ce412527a2f25c2,true,240.159.65.26
908,5.7,ea0f2de75608546d45041d003ce412527a2f25c2,true,166.132.110.80
909,2.4,ea0f2de75608546d45041d003ce412527a2f25c2,false,171.116.37.108
910,8.2.2,ea0f2de75608546d45041d003ce412527a2f25c2,false,244.135.234.104
911,0.9.3,ea0f2de75608546d45041d003ce412527a2f25c2,false,53.83.29.43
912,0.95,ea0f2de75608546d45041d003ce412527a2f25c2,true,204.181.108.239
913,0.5.0,ea0f2de75608546d45041d003ce412527a2f25c2,false,142.225.79.77
914,8.8,ea0f2de75608546d45041d003ce412527a2f25c2,true,173.246.118.203
915,9.0.0,ea0f2de75608546d45041d003ce412527a2f25c2,true,4.27.182.247
916,4.3.8,ea0f2de75608546d45041d003ce412527a2f25c2,false,255.178.158.34
917,0.20,ea0f2de75608546d45041d003ce412527a2f25c2,true,137.225.141.37
918,9.7,ea0f2de75608546d45041d003ce412527a2f25c2,true,174.179.55.11
919,0.32,ea0f2de75608546d45041d003ce412527a2f25c2,false,57.19.250.51
920,2.49,ea0f2de75608546d45041d003ce412527a2f25c2,false,1.185.92.160
921,9.5.4,ea0f2de75608546d45041d003ce412527a2f25c2,false,32.121.17.140
922,3.8,ea0f2de75608546d45041d003ce412527a2f25c2,false,34.110.121.181
923,1.07,ea0f2de75608546d45041d003ce412527a2f25c2,true,27.233.148.55
924,9.40,ea0f2de75608546d45041d003ce412527a2f25c2,true,80.30.126.153
925,6.9.0,ea0f2de75608546d45041d003ce412527a2f25c2,true,5.203.203.111
926,6.9,ea0f2de75608546d45041d003ce412527a2f25c2,false,150.143.110.219
927,3.7,ea0f2de75608546d45041d003ce412527a2f25c2,true,103.152.32.51
928,1.0.1,ea0f2de75608546d45041d003ce412527a2f25c2,false,125.247.192.245
929,0.44,ea0f2de75608546d45041d003ce412527a2f25c2,false,80.67.163.170
930,0.6.0,ea0f2de75608546d45041d003ce412527a2f25c2,true,180.8.233.48
931,0.73,ea0f2de75608546d45041d003ce412527a2f25c2,true,76.165.249.55
932,9.4,ea0f2de75608546d45041d003ce412527a2f25c2,true,29.143.25.188
933,0.98,ea0f2de75608546d45041d003ce412527a2f25c2,false,63.64.160.253
934,0.7.9,ea0f2de75608546d45041d003ce412527a2f25c2,false,56.101.222.200
935,0.72,ea0f2de75608546d45041d003ce412527a2f25c2,false,51.55.167.50
936,0.59,ea0f2de75608546d45041d003ce412527a2f25c2,false,106.157.100.52
937,7.5,ea0f2de75608546d45041d003ce412527a2f25c2,false,34.171.172.69
938,0.7.2,ea0f2de75608546d45041d003ce412527a2f25c2,false,58.242.115.22
939,0.7.1,ea0f2de75608546d45041d003ce412527a2f25c2,true,219.98.251.96
940,1.93,ea0f2de75608546d45041d003ce412527a2f25c2,true,186.195.249.42
941,9.6.9,ea0f2de75608546d45041d003ce412527a2f25c2,true,66.195.254.226
942,8.8.6,ea0f2de75608546d45041d003ce412527a2f25c2,false,67.106.125.153
943,9.4.3,ea0f2de75608546d45041d003ce412527a2f25c2,false,139.58.254.94
944,1.6,ea0f2de75608546d45041d003ce412527a2f25c2,false,5.46.196.38
945,8.6.8,ea0f2de75608546d45041d003ce412527a2f25c2,false,100.242.96.123
946,0.97,ea0f2de75608546d45041d003ce412527a2f25c2,true,60.230.60.169
947,0.1.3,ea0f2de75608546d45041d003ce412527a2f25c2,false,91.18.239.54
948,9.37,ea0f2de75608546d45041d003ce412527a2f25c2,true,13.162.222.112
949,2.02,ea0f2de75608546d45041d003ce412527a2f25c2,false,208.60.225.10
950,9.9,ea0f2de75608546d45041d003ce412527a2f25c2,true,71.179.125.13
951,7.3.8,ea0f2de75608546d45041d003ce412527a2f25c2,true,97.88.89.187
952,3.54,ea0f2de75608546d45041d003ce412527a2f25c2,true,2.103.206.236
953,4.61,ea0f2de75608546d45041d003ce412527a2f25c2,true,109.121.197.93
954,5.2,ea0f2de75608546d45041d003ce412527a2f25c2,false,115.157.20.158
955,0.53,ea0f2de75608546d45041d003ce412527a2f25c2,false,149.216.237.225
956,2.6.4,ea0f2de75608546d45041d003ce412527a2f25c2,true,170.108.169.15
957,9.64,ea0f2de75608546d45041d003ce412527a2f25c2,false,237.200.254.111
958,0.5.7,ea0f2de75608546d45041d003ce412527a2f25c2,false,143.156.66.192
959,2.3.6,ea0f2de75608546d45041d003ce412527a2f25c2,false,163.199.235.176
960,8.7.6,ea0f2de75608546d45041d003ce412527a2f25c2,true,205.163.169.136
961,0.5.1,ea0f2de75608546d45041d003ce412527a2f25c2,true,50.3.73.178
962,0.49,ea0f2de75608546d45041d003ce412527a2f25c2,true,61.207.207.63
963,6.45,ea0f2de75608546d45041d003ce412527a2f25c2,true,18.95.143.167
964,2.4,ea0f2de75608546d45041d003ce412527a2f25c2,true,175.11.254.199
965,0.5.4,ea0f2de75608546d45041d003ce412527a2f25c2,false,247.206.6.116
966,0.45,ea0f2de75608546d45041d003ce412527a2f25c2,false,108.230.84.52
967,0.4.5,ea0f2de75608546d45041d003ce412527a2f25c2,true,107.220.240.19
968,7.50,ea0f2de75608546d45041d003ce412527a2f25c2,false,251.143.244.158
969,7.3,ea0f2de75608546d45041d003ce412527a2f25c2,true,117.133.219.70
970,0.98,ea0f2de75608546d45041d003ce412527a2f25c2,true,225.208.93.241
971,0.1.9,ea0f2de75608546d45041d003ce412527a2f25c2,true,161.2.106.253
972,2.88,ea0f2de75608546d45041d003ce412527a2f25c2,true,46.168.149.62
973,0.66,ea0f2de75608546d45041d003ce412527a2f25c2,true,41.253.144.204
974,4.1,ea0f2de75608546d45041d003ce412527a2f25c2,false,98.223.93.98
975,0.77,ea0f2de75608546d45041d003ce412527a2f25c2,true,123.84.217.44
976,0.52,ea0f2de75608546d45041d003ce412527a2f25c2,false,229.131.128.12
977,0.80,ea0f2de75608546d45041d003ce412527a2f25c2,true,241.156.152.47
978,0.5.9,ea0f2de75608546d45041d003ce412527a2f25c2,true,88.198.9.97
979,5.09,ea0f2de75608546d45041d003ce412527a2f25c2,true,93.136.40.168
980,2.47,ea0f2de75608546d45041d003ce412527a2f25c2,true,137.122.137.84
981,8.5.3,ea0f2de75608546d45041d003ce412527a2f25c2,false,238.81.64.72
982,0.49,ea0f2de75608546d45041d003ce412527a2f25c2,false,169.108.119.43
983,5.2.0,ea0f2de75608546d45041d003ce412527a2f25c2,true,253.211.166.224
984,0.4.0,ea0f2de75608546d45041d003ce412527a2f25c2,true,59.121.153.202
985,0.81,ea0f2de75608546d45041d003ce412527a2f25c2,true,112.144.92.228
986,0.5.8,ea0f2de75608546d45041d003ce412527a2f25c2,false,93.143.231.125
987,0.8.5,ea0f2de75608546d45041d003ce412527a2f25c2,true,114.24.252.23
988,2.6,ea0f2de75608546d45041d003ce412527a2f25c2,true,230.50.233.14
989,0.4.7,ea0f2de75608546d45041d003ce412527a2f25c2,true,13.7.190.225
990,0.1.2,ea0f2de75608546d45041d003ce412527a2f25c2,true,186.226.27.150
991,0.3.4,ea0f2de75608546d45041d003ce412527a2f25c2,true,79.56.24.43
992,0.21,ea0f2de75608546d45041d003ce412527a2f25c2,true,74.41.222.4
993,8.1.4,ea0f2de75608546d45041d003ce412527a2f25c2,true,80.174.67.48
994,0.2.2,ea0f2de75608546d45041d003ce412527a2f25c2,true,113.191.173.69
995,1.63,ea0f2de75608546d45041d003ce412527a2f25c2,false,27.60.156.118
996,0.5.2,ea0f2de75608546d45041d003ce412527a2f25c2,true,23.54.110.241
997,2.1,ea0f2de75608546d45041d003ce412527a2f25c2,true,126.97.110.130
998,0.12,ea0f2de75608546d45041d003ce412527a2f25c2,false,75.247.49.53
999,6.1,ea0f2de75608546d45041d003ce412527a2f25c2,false,135.163.167.179
1000,0.9.4,ea0f2de75608546d45041d003ce412527a2f25c2,false,235.191.95.54
